Model,Accuracy
SVM,0.8176100628930818
DNN,0.759433925151825
CNN,0.9088050127029419
LSTM,0.9150943160057068
